Player,Pos,Team,Opp,Def v Pos,VegasPts,Salary,Floor,Ceiling,FPG,Asts,FPPM,AVG/36,STDV/36,STDV,ProjSTDV,USG,FGA,MPG,Proj Mins,FC Proj,My Proj,Exp.,Used,Con.,Value,Start,Mins,Score,Val
James Harden,PG/SG,HOU,@ SAC,30,120.00,12600,56.8,111.6,63.8,8.0,1.70,61.14,13.56,15.67,14.13,40.0,24.1,37.5,37.50,80.29,80.29,100,,75,6.4,Y,32,54.00,4.3
Giannis Antetokounmpo,SF/PF,MIL,vs WAS,16,120.75,11400,38.5,80,56.6,5.9,1.71,61.63,11.62,11.86,10.42,31.9,17.1,33.1,32.27,56.31,56.31,100,,79,4.9,Y,31,62.00,5.4
Anthony Davis,PF/C,NOP,@ CHI,22,112.75,11000,0,25.2,61.7,4.4,1.66,59.93,10.78,12.60,0,29.7,20.6,37.1,0.00,0.00,0.00,100,,80,0,,,,
Nikola Jokic,C,DEN,@ BKN,29,114.50,10600,34.9,85.2,49.3,7.7,1.58,56.73,13.89,14.38,13.13,27.6,15.1,31.3,34.04,56.44,56.44,100,,71,5.3,Y,34,65.50,6.2
Luka Doncic,PG/SF,DAL,vs CHA,17,110.25,9500,30.4,66.9,40.5,5.4,1.26,45.37,9.64,10.44,8.84,28.9,15.8,32.1,33.00,46.04,46.04,100,,74,4.8,Y,35,54.00,5.7
Kevin Durant,SF/PF,GSW,vs SAS,18,123.00,9300,22.4,65.2,49.1,6.0,1.38,49.67,9.73,12.21,8.73,30.1,19.0,35.6,32.30,40.73,40.73,100,,75,4.4,Y,29,54.00,5.8
Stephen Curry,PG/SG,GSW,vs SAS,26,123.00,9100,30.5,74,47.7,5.3,1.39,50.06,12.90,12.42,11.75,30.3,19.8,34.3,32.80,49.17,49.17,100,,74,5.4,Y,29,41.75,4.6
Jrue Holiday,PG/SG,NOP,@ CHI,11,112.75,9000,27.8,58.2,43.8,8.0,1.19,42.96,8.06,8.67,8.12,25.1,17.1,36.7,36.26,40.83,40.83,100,,80,4.5,Y,33,46.50,5.2
Kemba Walker,PG,CHA,@ DAL,22,105.25,8800,23.5,68.4,42.5,5.7,1.24,44.39,10.98,12.81,10.95,30.4,19.8,34.4,35.89,42.74,42.74,100,,70,4.9,Y,37,58.25,6.6
Donovan Mitchell,PG/SG,UTA,vs PHX,9,115.75,8700,27.1,69.1,36.8,4.0,1.11,39.99,10.65,12.00,10.38,31.4,19.4,33.1,35.10,45.07,45.07,100,,67,5.2,Y,32,29.75,3.4
Bradley Beal,SG,WAS,@ MIL,29,109.75,8600,37,80.2,43.1,5.1,1.16,41.96,8.24,12.35,8.9,28.1,19.6,37.0,38.89,55.53,55.53,100,,71,6.5,Y,39,51.00,5.9
Rudy Gobert,C,UTA,vs PHX,21,115.75,8500,23.7,60.5,41.0,2.2,1.30,46.80,10.19,10.49,8.89,17.7,8.6,31.5,31.40,39.47,39.47,100,,74,4.6,Y,33,47.50,5.6
Devin Booker,PG/SG,PHX,@ UTA,3,100.75,8400,0,25,41.2,6.7,1.19,42.68,8.92,12.49,0,31.7,19.0,34.7,0.00,0.00,0.00,100,,70,0,,,,
D'Angelo Russell,PG/SG,BKN,vs DEN,2,111.50,8100,19,64.6,36.8,6.4,1.24,44.71,12.28,13.04,11.11,29.8,17.5,29.6,32.57,38.56,38.56,100,,65,4.8,Y,35,54.00,6.7
LaMarcus Aldridge,PF/C,SAS,@ GSW,1,109.00,7900,0,24.4,39.2,2.6,1.20,43.26,9.76,12.20,0,27.2,16.1,32.7,0.00,0.00,0.00,100,,69,0,,,,
Julius Randle,PF/C,NOP,@ CHI,22,112.75,7700,15.5,54.6,38.2,3.0,1.29,46.59,11.78,11.18,8.69,26.7,13.4,29.6,26.57,32.26,32.26,100,,71,4.2,,31,45.25,5.9
DeMar DeRozan,SG/SF,SAS,@ GSW,8,109.00,7500,0,24.8,40.4,6.2,1.15,41.38,10.64,12.41,0,28.2,17.6,35.2,0.00,0.00,0.00,100,,69,0,,,,
Clint Capela,C,HOU,@ SAC,8,120.00,7400,0,20.7,40.6,1.5,1.19,42.72,8.72,10.34,0,19.4,11.9,34.2,0.00,0.00,0.00,100,,75,0,,,,
Jahlil Okafor,C,NOP,@ CHI,19,112.75,7300,11.3,63.8,16.5,0.5,1.13,40.63,20.18,15.00,17.48,18.1,5.7,14.6,31.18,33.80,33.80,100,,9,4.6,Y,25,19.25,2.6
De'Aaron Fox,PG,SAC,vs HOU,29,116.00,7200,21.3,62,36.8,7.2,1.17,42.03,11.85,11.64,10.76,25.0,13.5,31.5,32.69,38.74,38.74,100,,68,5.4,Y,29,17.00,2.4
Chris Paul,PG,HOU,@ SAC,30,120.00,7100,23.1,59.5,37.0,7.8,1.14,40.99,10.53,10.39,9.64,22.9,12.3,32.5,32.96,38.73,38.73,100,,72,5.5,Y,30,40.50,5.7
Kenneth Faried,PF/C,HOU,@ SAC,20,120.00,7000,13.9,67.6,20.5,0.5,1.15,41.38,18.26,15.36,17.52,18.9,6.5,17.8,34.55,36.90,36.90,100,,25,5.3,Y,30,35.25,5
Lauri Markkanen,PF,CHI,vs NOP,25,113.75,6900,19.3,55.6,33.0,1.0,1.04,37.66,11.17,10.38,10.35,24.9,14.6,31.6,33.35,34.88,34.88,100,,69,5.1,Y,41,48.50,7
Eric Bledsoe,PG,MIL,vs WAS,23,120.75,6800,25.2,56.5,33.3,5.5,1.13,40.88,11.37,8.93,9.22,22.8,12.5,29.4,29.20,38.63,38.63,100,,73,5.7,Y,27,53.00,7.8
DeMarcus Cousins,PF/C,GSW,vs SAS,15,123.00,6800,23.9,40.8,33.0,4.0,1.46,52.69,10.32,4.81,7.11,28.9,11.1,22.6,24.80,31.15,31.15,100,,85,4.6,Y,17,32.00,4.7
Nikola Mirotic,PF/C,NOP,@ CHI,22,112.75,6800,0,24.6,32.8,1.1,1.14,40.91,11.58,12.32,0,21.8,12.7,28.8,0.00,0.00,0.00,100,,62,0,,,,
Buddy Hield,SG/SF,SAC,vs HOU,12,116.00,6700,19.8,54.6,32.8,2.4,1.04,37.39,9.43,9.94,8.72,24.6,15.9,31.6,33.28,34.68,34.68,100,,70,5.2,Y,33,35.50,5.3
Zach LaVine,PG/SG,CHI,vs NOP,20,113.75,6600,22.3,53.7,36.5,4.2,1.08,38.86,7.19,8.96,6.76,30.6,17.8,33.8,33.85,35.75,35.75,100,,75,5.4,Y,33,53.50,8.1
Deandre Ayton,C,PHX,@ UTA,11,100.75,6500,17.4,55.5,36.1,2.1,1.17,42.02,10.53,10.87,9.9,20.9,12.1,30.9,33.83,33.73,33.73,100,,70,5.2,Y,30,31.25,4.8
Jamal Murray,PG/SG,DEN,@ BKN,7,114.50,6400,13.9,56.9,33.4,4.8,1.00,35.87,11.00,12.29,9.99,25.2,16.1,33.5,32.68,32.29,32.29,100,,63,5,Y,32,42.75,6.7
Kris Dunn,PG/SG,CHI,vs NOP,20,113.75,6400,16.6,48.4,29.7,6.3,0.96,34.52,8.94,9.08,8.13,21.5,11.5,31.0,32.73,30.21,30.21,100,,69,4.7,Y,38,41.00,6.4
Khris Middleton,SG/SF,MIL,vs WAS,19,120.75,6300,20.1,44.3,33.3,4.2,1.07,38.48,7.64,6.93,6.24,24.0,14.0,31.1,29.38,30.47,30.47,100,,79,4.8,Y,27,26.50,4.2
Draymond Green,PF/C,GSW,vs SAS,4,123.00,6300,16.1,48.5,32.4,7.4,1.04,37.42,8.33,9.25,7.3,12.8,6.5,31.2,31.55,30.00,30.00,100,,71,4.8,Y,24,22.25,3.5
Klay Thompson,SG,GSW,vs SAS,21,123.00,6200,18.9,57.5,34.1,2.0,1.00,35.93,14.23,11.03,12.87,26.4,18.4,34.2,32.55,35.41,35.41,100,,68,5.7,Y,29,43.75,7.1
Monte Morris,PG,DEN,@ BKN,27,114.50,6100,2.3,37.7,22.1,3.9,0.88,31.72,11.54,10.12,6.46,17.2,8.8,25.1,20.16,17.50,17.50,100,,54,2.9,,28,34.25,5.6
Ricky Rubio,PG,UTA,vs PHX,28,115.75,6000,17.8,54.9,28.7,6.1,1.00,36.05,13.95,10.58,11.55,24.0,11.1,28.7,29.80,33.70,33.70,100,,63,5.6,Y,32,37.25,6.2
Will Barton,SG/SF,DEN,@ BKN,6,114.50,6000,10.8,43.9,24.8,3.2,0.97,34.99,11.00,9.46,9.08,22.7,10.5,25.5,29.73,25.00,25.00,100,,62,4.2,Y,19,13.25,2.2
Spencer Dinwiddie,PG/SG,BKN,vs DEN,2,111.50,6000,0,21,29.3,5.0,1.03,37.00,10.56,10.48,0,24.5,12.2,28.5,0.00,0.00,0.00,100,,64,0,,,,
Rudy Gay,SF/PF,SAS,@ GSW,30,109.00,5900,22.4,53.7,29.0,2.5,1.07,38.44,8.32,8.93,7.93,21.6,11.0,27.2,34.32,35.83,35.83,100,,69,6.1,Y,20,22.25,3.8
Bobby Portis,PF/C,CHI,vs NOP,25,113.75,5900,0,19.2,27.1,1.3,1.12,40.36,10.20,9.61,0,27.4,12.3,24.2,0.00,0.00,0.00,100,,65,0,,,,
Otto Porter,SF/PF,WAS,@ MIL,28,109.75,5800,0,21.2,27.3,2.0,0.94,33.77,8.76,10.59,0,18.5,10.8,29.0,0.00,0.00,0.00,100,,61,0,,,,
Kelly Oubre Jr.,SG/SF,PHX,@ UTA,17,100.75,5800,20,58.3,24.8,1.0,0.93,33.34,11.27,10.93,10.96,21.8,11.2,26.8,35.00,36.44,36.44,100,,56,6.3,,32,28.00,4.8
Marvin Bagley III,PF/C,SAC,vs HOU,29,116.00,5800,19.9,58.6,26.0,1.0,1.08,39.09,9.08,11.05,7.74,23.1,10.0,24.0,30.69,36.52,36.52,100,,58,6.3,,27,28.50,4.9
Trevor Ariza,SF/PF,WAS,@ MIL,28,109.75,5700,22.4,58.5,28.9,3.7,0.81,29.28,8.35,10.31,9.17,16.4,10.9,35.5,39.54,37.84,37.84,100,,64,6.6,Y,32,23.00,4
Harrison Barnes,SF/PF,DAL,vs CHA,20,110.25,5700,11.2,40.2,27.5,1.3,0.85,30.57,8.66,8.29,7.94,23.7,14.7,32.3,33.00,23.63,23.63,100,,70,4.1,Y,26,15.75,2.8
Caris LeVert,PG/SG,BKN,vs DEN,1,111.50,5700,0,21.5,32.0,3.7,1.08,38.81,11.55,10.77,0,26.8,14.6,29.7,0.00,0.00,0.00,100,,66,0,,,,
Malik Beasley,PG/SG,DEN,@ BKN,7,114.50,5700,7.1,43.6,18.8,1.2,0.80,28.82,10.73,10.42,9.15,16.9,8.8,23.5,30.71,22.76,22.76,100,,45,4,Y,32,24.00,4.2
Malcolm Brogdon,PG/SG,MIL,vs WAS,19,120.75,5700,19.9,43,28.4,3.3,0.96,34.75,8.05,6.59,6.38,20.6,11.7,29.5,28.55,29.81,29.81,100,,77,5.2,Y,27,33.00,5.8
Derrick White,PG/SG,SAS,@ GSW,14,109.00,5700,0,21.8,21.9,3.6,0.87,31.25,10.79,10.90,0,16.8,7.4,25.3,0.00,0.00,0.00,100,,50,0,,,,
Jeremy Lamb,SG/SF,CHA,@ DAL,23,105.25,5600,13.9,43.5,27.6,2.0,0.97,34.90,8.98,8.46,6.63,22.0,12.3,28.5,26.56,26.56,26.56,100,,69,4.7,Y,29,22.75,4.1
T.J. Warren,SF/PF,PHX,@ UTA,17,100.75,5600,0,23.1,29.2,1.5,0.92,33.24,9.75,11.53,0,22.6,14.2,31.7,0.00,0.00,0.00,100,,61,0,,,,
Tomas Satoransky,PG/SF,WAS,@ MIL,29,109.75,5600,18.4,61.7,20.1,4.1,0.84,30.17,11.28,12.35,10.68,13.3,5.8,24.0,34.10,36.96,36.96,100,,39,6.6,Y,38,42.75,7.6
Brook Lopez,C,MIL,vs WAS,23,120.75,5500,12.2,42.2,24.9,1.0,0.90,32.29,8.30,8.56,6.4,16.6,9.4,27.8,27.76,25.04,25.04,100,,66,4.6,Y,22,22.25,4
Willie Cauley-Stein,C,SAC,vs HOU,14,116.00,5500,13.3,47.5,31.3,2.6,1.10,39.68,8.55,9.76,6.7,18.9,10.4,28.4,28.20,27.97,27.97,100,,69,5.1,Y,22,13.00,2.4
Josh Jackson,SF/PF,PHX,@ UTA,17,100.75,5500,18.9,54.9,21.8,2.3,0.92,33.04,10.64,10.28,10.94,24.3,9.9,23.7,37.00,34.30,34.30,100,,53,6.2,Y,38,51.00,9.3
Dwight Howard,C,WAS,@ MIL,1,109.75,5400,0,24.6,27.0,0.4,1.06,38.24,13.22,12.32,0,21.5,7.7,25.4,0.00,0.00,0.00,100,,54,0,,,,
Joe Ingles,SG/SF,UTA,vs PHX,21,115.75,5400,13.9,42.9,27.0,4.9,0.87,31.23,8.63,8.28,7.46,17.8,9.8,31.1,31.13,26.30,26.30,100,,69,4.9,Y,34,38.25,7.1
Elfrid Payton,PG,NOP,@ CHI,11,112.75,5300,0,23.1,25.5,5.8,0.95,34.10,10.85,11.53,0,18.5,9.0,26.9,0.00,0.00,0.00,100,,55,0,,,,
Shabazz Napier,PG/SG,BKN,vs DEN,2,111.50,5300,8.4,47.4,18.6,2.4,1.02,36.82,14.32,11.14,10.56,23.2,8.2,18.2,26.54,25.11,25.11,100,,40,4.7,,27,31.00,5.8
Bogdan Bogdanovic,SG/SF,SAC,vs HOU,12,116.00,5200,9,44.5,27.7,4.0,1.00,36.02,9.18,10.13,6.55,23.9,12.9,27.7,25.70,24.24,24.24,100,,63,4.7,Y,32,31.00,6
Austin Rivers,PG/SG,HOU,@ SAC,30,120.00,5100,1.9,32.3,17.9,2.6,0.63,22.69,7.68,8.68,4.5,14.7,8.1,28.4,21.10,14.92,14.92,100,,52,2.9,,29,17.50,3.4
Jarrett Allen,C,BKN,vs DEN,13,111.50,5100,11.6,44.6,28.4,1.5,1.06,38.31,9.21,9.42,6.79,16.4,7.4,26.7,26.54,25.77,25.77,100,,67,5.1,Y,24,22.75,4.5
Nicolas Batum,SG/SF,CHA,@ DAL,23,105.25,5000,14,40.9,23.7,3.3,0.76,27.39,7.81,7.68,6.97,13.2,7.3,31.1,32.11,25.56,25.56,100,,68,5.1,Y,35,32.00,6.4
Jeff Green,SF/PF,WAS,@ MIL,28,109.75,5000,12.7,49.2,23.2,1.9,0.83,30.10,10.36,10.41,9.23,17.5,9.2,27.8,32.07,28.35,28.35,100,,55,5.7,Y,37,34.00,6.8
Gary Harris,SG,DEN,@ BKN,7,114.50,5000,0,18.9,25.7,2.7,0.86,31.06,9.03,9.44,0,21.8,12.8,29.8,0.00,0.00,0.00,100,,63,0,,,,
Kenrich Williams,SG/SF,NOP,@ CHI,7,112.75,5000,2.1,46.9,9.7,0.8,0.78,27.92,19.34,12.82,14.98,13.6,3.6,12.4,27.88,21.30,21.30,100,,0,4.3,Y,36,28.75,5.8
Paul Millsap,PF/C,DEN,@ BKN,17,114.50,4900,0,22.3,26.8,1.9,1.04,37.63,14.06,11.14,0,19.9,9.1,25.7,0.00,0.00,0.00,100,,58,0,,,,
Tim Hardaway Jr.,SG/SF,DAL,vs CHA,18,110.25,4900,8.4,46,30.0,2.7,0.92,33.17,10.77,10.76,9.27,25.6,15.8,32.6,31.00,24.49,24.49,100,,64,5,,26,24.50,5
Marvin Williams,SF/PF,CHA,@ DAL,10,105.25,4900,8,41.7,23.2,1.2,0.82,29.60,8.06,9.61,7.25,14.7,8.8,28.3,32.39,22.45,22.45,100,,59,4.6,Y,26,15.25,3.1
Thomas Bryant,PF/C,WAS,@ MIL,24,109.75,4900,3.3,43.3,19.9,1.1,1.05,37.92,18.35,11.43,9.65,17.0,5.8,18.9,18.93,20.43,20.43,100,,43,4.2,Y,32,55.50,11.3
Eric Gordon,SG/SF,HOU,@ SAC,30,120.00,4800,20.4,51.4,24.8,2.0,0.76,27.42,10.09,8.85,9.43,22.7,14.5,32.6,33.64,33.71,33.71,100,,64,7,Y,22,24.50,5.1
Darius Miller,SF/PF,NOP,@ CHI,7,112.75,4800,9.8,39.6,15.4,1.7,0.61,21.89,11.25,8.52,11.56,12.9,6.6,25.3,37.00,22.57,22.57,100,,45,4.7,Y,30,22.75,4.7
Derrick Favors,PF/C,UTA,vs PHX,27,115.75,4800,18.1,43.1,25.2,1.1,1.09,39.16,8.64,7.13,5.94,18.0,7.6,23.2,24.75,28.83,28.83,100,,72,6,Y,23,25.25,5.3
Wendell Carter Jr.,PF/C,CHI,vs NOP,22,113.75,4800,0,21.1,25.1,1.8,1.00,35.81,10.50,10.55,0,19.4,8.4,25.2,0.00,0.00,0.00,100,,58,0,,,,
Joe Harris,SG/SF,BKN,vs DEN,1,111.50,4700,9.5,36.6,23.4,2.5,0.79,28.44,8.35,7.74,7.37,17.4,9.9,29.7,31.76,21.15,21.15,100,,67,4.5,Y,32,29.25,6.2
Jae Crowder,SF/PF,UTA,vs PHX,21,115.75,4600,8.6,39.3,23.3,1.6,0.84,30.32,10.04,8.79,7.78,19.3,10.0,27.6,27.90,21.76,21.76,100,,62,4.7,,20,22.25,4.8
Mikal Bridges,SG/SF,PHX,@ UTA,4,100.75,4600,11,40.2,19.1,1.7,0.68,24.66,8.68,8.36,8.51,12.5,6.8,27.9,35.31,23.52,23.52,100,,56,5.1,Y,40,20.75,4.5
Markieff Morris,PF/C,WAS,@ MIL,24,109.75,4500,0,22.2,23.2,1.8,0.89,32.06,12.76,11.10,0,19.5,9.6,26.0,0.00,0.00,0.00,100,,52,0,,,,
DeMarre Carroll,SF/PF,BKN,vs DEN,14,111.50,4500,5.5,36,20.5,1.2,0.82,29.37,9.27,8.71,6.06,19.1,8.7,25.1,23.52,18.56,18.56,100,,58,4.1,,28,49.00,10.9
Dwight Powell,PF/C,DAL,vs CHA,23,110.25,4500,10.7,36.2,16.9,1.0,1.02,36.69,13.20,7.27,8.73,18.7,5.3,16.6,23.80,21.61,21.61,100,,57,4.8,,27,38.50,8.6
Richaun Holmes,PF/C,PHX,@ UTA,26,100.75,4500,3.4,36.5,18.3,0.8,1.12,40.03,17.01,9.45,7.32,16.3,4.9,16.4,15.50,17.58,17.58,100,,48,3.9,,18,13.50,3
Wayne Selden,SG/SF,CHI,vs NOP,15,113.75,4500,5.7,34.8,10.5,1.3,0.64,23.27,12.57,8.32,11.22,19.0,5.2,16.3,32.13,18.15,18.15,100,,21,4,Y,20,8.00,1.8
Mason Plumlee,PF/C,DEN,@ BKN,17,114.50,4400,27.8,56.6,22.1,2.6,1.11,39.76,10.62,8.24,10.1,17.5,5.3,20.0,34.24,40.16,40.16,100,,63,9.1,Y,28,37.50,8.5
P.J. Tucker,SF/PF,HOU,@ SAC,19,120.00,4400,11.9,39.7,22.0,1.3,0.62,22.39,7.41,7.93,7.41,9.9,6.9,35.4,36.00,23.80,23.80,100,,64,5.4,Y,34,25.00,5.7
Cody Zeller,C,CHA,@ DAL,5,105.25,4300,8.1,36.5,23.0,2.1,0.94,33.93,9.56,8.14,6.11,15.4,6.5,24.4,23.00,20.26,20.26,100,,65,4.7,,25,28.25,6.6
Bryn Forbes,PG/SG,SAS,@ GSW,14,109.00,4300,9.4,34.2,21.0,2.2,0.73,26.28,7.61,7.09,6.77,17.9,10.1,28.7,32.04,19.99,19.99,100,,66,4.6,,19,15.50,3.6
Maxi Kleber,PF/C,DAL,vs CHA,23,110.25,4300,9.5,35.7,16.1,0.7,0.84,30.31,10.83,7.48,8.23,13.9,4.9,19.1,27.35,20.73,20.73,100,,54,4.8,Y,29,21.25,4.9
Jalen Brunson,PG/SG,DAL,vs CHA,17,110.25,4300,2.6,36.5,13.2,2.3,0.76,27.29,15.21,9.70,8.97,16.7,6.0,17.4,21.24,17.14,17.14,100,,27,4,Y,30,27.75,6.5
Patrick Mills,PG/SG,SAS,@ GSW,14,109.00,4200,15.1,39.2,19.2,2.9,0.81,29.11,8.69,6.89,7.15,18.0,7.8,23.7,29.61,25.43,25.43,100,,64,6.1,Y,17,27.00,6.4
Jabari Parker,SF/PF,CHI,vs NOP,25,113.75,4200,0,23.8,26.8,2.2,1.00,36.11,13.08,11.92,0,24.6,11.9,26.7,0.00,0.00,0.00,100,,56,0,,,,
Nemanja Bjelica,PF,SAC,vs HOU,8,116.00,4200,0,37.5,23.4,1.9,0.99,35.51,10.25,11.72,5.24,16.8,7.8,23.7,18.40,14.04,14.04,100,,50,3.3,Y,25,27.00,6.4
Frank Jackson,PG/SG,NOP,@ CHI,10,112.75,4200,8.3,36.6,9.9,0.9,0.66,23.81,13.61,8.09,10.32,16.7,5.3,14.9,27.29,20.41,20.41,100,,18,4.9,Y,18,17.75,4.2
Ed Davis,C,BKN,vs DEN,6,111.50,4100,5.2,33.7,19.7,0.8,1.08,38.70,10.80,8.12,5.49,13.0,3.9,18.3,18.29,17.41,17.41,100,,59,4.2,,21,19.25,4.7
Trey Burke,PG/SG,DAL,vs CHA,17,110.25,4100,0,23.6,20.0,2.8,0.96,34.45,13.70,11.81,0,25.9,10.8,20.9,0.00,0.00,0.00,100,,41,0,,4,2.25,0.5
Allen Crabbe,SG/SF,BKN,vs DEN,1,111.50,4100,0,28.6,17.8,1.1,0.68,24.48,10.34,9.18,4.91,17.2,8.9,26.1,17.10,10.28,10.28,100,,48,2.5,,13,12.00,2.9
Tim Frazier,PG,NOP,@ CHI,11,112.75,4100,0.7,38.5,15.8,4.4,0.84,30.17,11.93,10.81,6.75,13.1,4.1,18.8,20.38,16.87,16.87,100,,32,4.1,,24,18.50,4.5
Rondae Hollis-Jefferson,PF/C,BKN,vs DEN,1,111.50,4100,1.1,36.1,20.7,1.7,0.92,33.19,9.19,10.00,5.3,20.8,8.6,22.5,20.75,16.06,16.06,100,,52,3.9,,20,19.00,4.6
Davis Bertans,SF/PF,SAS,@ GSW,30,109.00,4100,13.2,41.2,17.1,1.3,0.82,29.50,9.95,8.00,8.76,14.4,5.8,20.9,31.68,25.22,25.22,100,,53,6.2,Y,23,22.00,5.4
Marco Belinelli,SG/SF,SAS,@ GSW,8,109.00,4000,16.8,41.2,18.7,2.0,0.83,29.95,10.04,6.97,8.05,20.2,8.8,22.5,28.85,27.21,27.21,100,,63,6.8,Y,25,10.75,2.7
Isaiah Thomas,PG,DEN,@ BKN,27,114.50,4000,0,0,,,,,,,0,,,,0.00,0.00,0.00,100,,0,0,,,,
Gerald Green,SG/SF,HOU,@ SAC,19,120.00,4000,3,33.4,15.7,0.6,0.74,26.70,10.86,8.67,6.3,18.9,7.9,21.2,20.90,16.05,16.05,100,,45,4,,29,36.25,9.1
Robin Lopez,C,CHI,vs NOP,22,113.75,4000,4.1,30.1,12.8,0.9,0.76,27.30,13.84,7.44,7.54,17.8,5.1,16.8,19.62,15.24,15.24,100,,42,3.8,Y,29,20.25,5.1
James Ennis,SF/PF,HOU,@ SAC,19,120.00,4000,2.6,29.5,14.9,0.7,0.63,22.78,10.04,7.70,6.16,11.7,5.3,23.6,22.10,14.10,14.10,100,,48,3.5,,28,17.00,4.3
E'Twaun Moore,SG/SF,NOP,@ CHI,10,112.75,4000,0,19.3,20.4,2.0,0.69,25.04,8.74,9.65,0,16.6,10.4,29.4,0.00,0.00,0.00,100,,53,0,,,,
Kevon Looney,PF/C,GSW,vs SAS,4,123.00,4000,8.2,32,19.8,1.8,0.95,33.95,10.13,6.79,5.37,12.5,4.8,20.9,19.10,18.43,18.43,100,,66,4.6,,18,15.00,3.8
Torrey Craig,SG/SF,DEN,@ BKN,6,114.50,4000,1.2,34,15.3,1.0,0.67,24.10,9.75,9.37,6.55,13.7,5.5,22.9,24.18,15.21,15.21,100,,39,3.8,,23,18.50,4.6
Chandler Hutchison,SF/PF,CHI,vs NOP,15,113.75,4000,0,13.5,12.8,0.8,0.63,22.84,8.91,6.75,0,12.9,4.8,20.3,0.00,0.00,0.00,100,,47,0,,,,
Andre Iguodala,SG/SF,GSW,vs SAS,21,123.00,3900,6.7,33.8,18.7,3.2,0.80,28.66,10.21,7.75,5.7,10.1,4.5,23.5,20.11,18.34,18.34,100,,59,4.7,,19,25.00,6.4
Iman Shumpert,SG/SF,SAC,vs HOU,12,116.00,3900,0,17.4,19.6,2.2,0.75,27.08,8.86,8.69,0,15.3,8.3,26.1,0.00,0.00,0.00,100,,56,0,,,,
Dorian Finney-Smith,SF/PF,DAL,vs CHA,20,110.25,3900,8.1,34.1,17.6,0.8,0.71,25.67,10.16,7.42,7.62,13.3,6.2,24.7,27.00,19.22,19.22,100,,58,4.9,Y,33,34.00,8.7
Dragan Bender,PF/C,PHX,@ UTA,26,100.75,3900,0,35.4,9.2,0.7,0.75,27.33,17.59,10.36,9.38,15.5,3.7,12.2,19.19,14.64,14.64,100,,0,3.8,Y,14,6.25,1.6
Rodions Kurucs,SF/PF,BKN,vs DEN,6,111.50,3900,1.7,33,16.6,0.7,0.79,28.38,10.43,8.94,7.04,19.2,7.6,21.1,24.29,15.08,15.08,100,,46,3.9,Y,17,11.00,2.8
Devin Harris,PG/SG,DAL,vs CHA,17,110.25,3800,0.7,28,12.1,1.4,0.81,29.07,16.95,7.80,8.05,18.7,5.2,15.0,17.10,12.38,12.38,100,,36,3.3,,15,11.25,3
Kyle Korver,SG/SF,UTA,vs PHX,9,115.75,3800,4,32.8,14.6,1.0,0.78,28.13,12.64,8.23,7.02,18.7,6.7,18.7,20.00,16.32,16.32,100,,44,4.3,,15,3.00,0.8
Dante Exum,PG/SG,UTA,vs PHX,28,115.75,3800,0,16.1,14.2,2.7,0.87,31.48,14.16,8.05,0,22.5,6.0,16.3,0.00,0.00,0.00,100,,43,0,,,,
Malik Monk,PG/SG,CHA,@ DAL,22,105.25,3800,6.7,36.1,17.3,1.8,0.93,33.41,11.09,8.39,6.21,26.4,9.1,18.7,20.16,19.27,19.27,100,,52,5.1,,20,13.00,3.4
Theo Pinson,SG/SF,BKN,vs DEN,1,111.50,3800,0,21.5,11.4,1.5,0.78,28.12,14.57,10.73,0,18.5,4.7,14.6,0.00,0.00,0.00,100,,6,0,,,,
Michael Kidd-Gilchrist,SF/PF,CHA,@ DAL,1,105.25,3700,2.6,27.9,17.1,1.0,0.86,31.04,11.40,7.21,6.49,16.9,5.9,19.9,20.50,13.45,13.45,100,,58,3.6,,13,6.75,1.8
Bismack Biyombo,C,CHA,@ DAL,5,105.25,3700,0,31.5,14.5,0.6,0.94,33.73,12.25,10.63,4.33,12.0,3.1,15.4,12.72,10.25,10.25,100,,27,2.8,Y,23,10.75,2.9
Trey Lyles,SF/PF,DEN,@ BKN,17,114.50,3700,11,38.3,18.3,1.4,0.97,34.99,12.08,7.81,7.73,23.7,8.4,18.9,23.04,22.69,22.69,100,,57,6.1,,22,24.25,6.6
Raulzinho Neto,PG,UTA,vs PHX,28,115.75,3700,4.3,30.2,10.5,2.0,0.88,31.38,16.82,7.38,7.95,16.9,3.7,12.0,17.02,15.40,15.40,100,,30,4.2,,12,8.00,2.2
Cheick Diallo,PF/C,NOP,@ CHI,22,112.75,3700,4.5,37,11.1,0.4,1.05,37.81,21.13,9.30,11.13,14.7,3.1,10.6,18.97,18.42,18.42,100,,16,5,,23,31.25,8.4
Guillermo Hernangomez,C,CHA,@ DAL,5,105.25,3700,0,19.3,16.6,0.9,1.20,43.27,18.00,9.67,0,23.4,5.3,13.8,0.00,0.00,0.00,100,,42,0,,,,
Jamal Crawford,PG/SG,PHX,@ UTA,3,100.75,3600,7.4,37.9,14.2,3.5,0.78,28.18,11.26,8.71,9.38,19.4,6.2,18.1,30.00,20.49,20.49,100,,39,5.7,,10,5.75,1.6
Ryan Arcidiacono,PG,CHI,vs NOP,20,113.75,3600,0,29.7,16.3,3.5,0.65,23.37,8.89,9.04,4.2,10.4,4.7,25.1,17.01,11.58,11.58,100,,45,3.2,,15,14.50,4
George Hill,PG/SG,MIL,vs WAS,23,120.75,3500,3.1,30.4,16.3,2.4,0.71,25.61,11.01,7.78,6.12,14.7,6.2,22.9,20.00,14.80,14.80,100,,52,4.2,,25,18.00,5.1
Royce O'Neale,SF,UTA,vs PHX,21,115.75,3500,0,27.4,12.7,1.3,0.69,24.87,12.35,9.31,4.19,12.1,3.9,18.3,12.20,8.78,8.78,100,,27,2.5,,27,28.50,8.1
Elie Okobo,PG,PHX,@ UTA,4,100.75,3500,1.7,31.7,13.6,2.6,0.73,26.33,11.84,8.56,7.34,19.2,5.8,18.6,22.32,14.53,14.53,100,,37,4.2,Y,33,11.75,3.4
De'Anthony Melton,PG,PHX,@ UTA,3,100.75,3500,0,20.2,17.3,3.3,0.85,30.64,11.65,10.10,0,14.6,5.8,20.4,0.00,0.00,0.00,100,,42,0,,,,
Nene Hilario,C,HOU,@ SAC,20,120.00,3400,1.1,16.6,10.1,0.7,0.77,27.55,10.80,4.42,3.2,11.8,2.8,13.2,10.67,7.77,7.77,100,,56,2.3,,,,
Jordan McRae,PG/SG,WAS,@ MIL,29,109.75,3400,8.2,46.5,8.4,0.5,0.97,34.96,27.63,10.93,17.12,19.8,3.5,8.7,22.30,24.62,24.62,100,,0,7.2,,19,10.50,3.1
Treveon Graham,SF/PF,BKN,vs DEN,1,111.50,3400,0,20.2,11.6,1.1,0.51,18.32,8.08,6.50,3.73,11.9,5.4,22.9,16.60,7.20,7.20,100,,44,2.1,Y,23,27.25,8
Yogi Ferrell,PG/SG,SAC,vs HOU,29,116.00,3400,0.4,26.8,12.3,1.9,0.83,29.95,20.18,7.56,7.38,16.9,5.0,14.8,13.17,11.71,11.71,100,,39,3.4,,25,10.75,3.2
D.J. Wilson,PF/C,MIL,vs WAS,13,120.75,3400,1.3,29.8,15.9,1.0,0.87,31.25,13.47,8.13,6.84,13.9,5.0,18.3,18.29,13.50,13.50,100,,49,4,,22,18.25,5.4
Harry Giles,PF/C,SAC,vs HOU,8,116.00,3400,0,29.2,13.8,1.4,1.07,38.56,17.49,8.53,6.8,21.5,5.3,12.9,14.00,12.17,12.17,100,,38,3.6,,17,25.25,7.4
Miles Bridges,SF/PF,CHA,@ DAL,22,105.25,3400,4,30.2,14.9,1.0,0.78,28.09,12.41,7.49,6.79,15.3,5.6,19.1,19.71,15.24,15.24,100,,50,4.5,,21,11.25,3.3
Tony Parker,PG,CHA,@ DAL,22,105.25,3300,0,19.1,17.6,3.8,0.97,34.93,12.88,9.55,0,24.6,8.3,18.1,0.00,0.00,0.00,100,,46,0,,,,
Tony Snell,SG/SF,MIL,vs WAS,16,120.75,3300,0.8,22.4,11.7,0.9,0.68,24.64,9.59,6.17,3.92,13.3,4.8,17.2,14.70,10.05,10.05,100,,47,3,,17,9.00,2.7
Jonas Jerebko,SF/PF,GSW,vs SAS,4,123.00,3300,0,19.8,16.5,1.5,0.88,31.76,11.08,8.87,0.92,14.7,5.3,18.7,3.00,2.04,2.04,100,,46,0.6,,14,13.00,3.9
Ian Clark,PG/SG,NOP,@ CHI,10,112.75,3300,3.4,26.5,8.8,1.3,0.65,23.48,19.51,6.59,9.26,16.4,4.5,13.5,17.08,13.31,13.31,100,,25,4,,21,9.00,2.7
Solomon Hill,SF/PF,NOP,@ CHI,7,112.75,3300,0,13.6,11.2,1.3,0.55,19.89,9.30,6.82,0,9.5,3.7,20.3,0.00,0.00,0.00,100,,39,0,,,,
Salah Mejri,C,DAL,vs CHA,9,110.25,3300,0,11.3,6.8,0.4,0.93,33.22,24.43,5.65,0,15.3,1.9,7.3,0.00,0.00,0.00,100,,17,0,,,,
Sam Dekker,SF/PF,WAS,@ MIL,28,109.75,3300,2.8,33.2,14.4,0.9,0.85,30.58,13.46,8.68,6.92,15.7,5.6,16.9,18.52,15.85,15.85,100,,40,4.8,,21,16.00,4.8
Juan Hernangomez,SF/PF,DEN,@ BKN,6,114.50,3300,0,30.3,17.2,0.9,0.74,26.55,11.44,11.51,4.08,11.5,5.5,23.3,12.83,7.26,7.26,100,,33,2.2,,14,1.25,0.4
Chasson Randle,PG/SG,WAS,@ MIL,29,109.75,3300,2.8,24,11.3,2.1,0.75,27.13,12.52,6.06,5.32,17.1,4.2,15.0,15.29,11.88,11.88,100,,46,3.6,,15,14.50,4.4
Shaquille Harrison,PG/SF,CHI,vs NOP,15,113.75,3300,0,24.9,14.0,1.6,0.80,28.89,11.88,7.41,4.75,15.8,5.0,17.5,14.40,10.05,10.05,100,,47,3,,26,27.50,8.3
Justin Jackson,SF/PF,SAC,vs HOU,22,116.00,3300,4.8,31.6,13.8,1.3,0.66,23.83,9.34,7.68,6.51,12.9,5.7,20.9,25.11,16.27,16.27,100,,44,4.9,,,,
Brandon Knight,PG/SG,HOU,@ SAC,30,120.00,3200,0,11.5,5.4,0.8,0.55,19.59,12.97,5.76,0,19.1,3.9,9.9,0.00,0.00,0.00,100,,0,0,,,,
Pau Gasol,C,SAS,@ GSW,25,109.00,3200,0.4,33.4,14.8,1.9,1.15,41.42,14.96,9.43,5.92,15.2,3.4,12.9,14.25,14.54,14.54,100,,36,4.5,,5,7.00,2.2
Ersan Ilyasova,PF/C,MIL,vs WAS,13,120.75,3200,0,25.8,14.7,0.9,0.84,30.45,13.04,8.62,5.27,16.0,5.5,17.4,14.56,8.59,8.59,100,,41,2.7,,18,20.25,6.3
Thabo Sefolosha,SF/PF,UTA,vs PHX,21,115.75,3200,0,13.4,9.0,0.4,0.81,29.12,16.51,6.72,0,12.5,2.2,11.1,0.00,0.00,0.00,100,,25,0,,,,
Ian Mahinmi,C,WAS,@ MIL,1,109.75,3200,0,27.8,11.7,0.8,0.82,29.54,12.85,8.48,6.13,13.4,2.7,14.3,17.16,10.88,10.88,100,,28,3.4,,,,
Quinn Cook,PG,GSW,vs SAS,26,123.00,3200,0,34,14.2,1.7,0.92,32.99,15.38,10.47,5.49,20.4,6.6,15.5,12.84,13.06,13.06,100,,26,4.1,,14,19.00,5.9
Pat Connaughton,SG/SF,MIL,vs WAS,19,120.75,3200,0,22.9,15.7,2.1,0.90,32.17,10.08,8.85,1.84,16.0,5.4,17.5,6.58,5.19,5.19,100,,44,1.6,,3,1.00,0.3
Jakob Poeltl,C,SAS,@ GSW,25,109.00,3200,8.6,34.5,14.1,1.2,0.97,34.62,12.28,7.40,8.75,14.2,3.4,14.6,25.64,19.72,19.72,100,,48,6.2,Y,20,23.25,7.3
Jordan Bell,PF/C,GSW,vs SAS,4,123.00,3200,0,19,9.9,1.2,0.88,31.93,15.54,7.77,1.74,13.7,2.5,11.2,4.04,3.43,3.43,100,,22,1.1,,12,10.50,3.3
Sterling Brown,SG/SF,MIL,vs WAS,19,120.75,3200,5.2,31.7,12.4,1.3,0.76,27.46,10.53,7.57,6.07,15.1,4.8,16.3,20.74,16.59,16.59,100,,39,5.2,,18,16.00,5
Alfonzo McKinnie,SG/SF,GSW,vs SAS,18,123.00,3200,0,24.2,11.5,0.4,0.78,28.15,12.68,6.96,5.23,15.2,4.4,14.7,14.84,10.25,10.25,100,,39,3.2,,15,11.75,3.7
Devonte' Graham,PG/SG,CHA,@ DAL,22,105.25,3200,1.1,31.4,10.1,2.1,0.78,28.30,15.65,8.64,7.69,16.1,4.1,12.9,17.68,14.09,14.09,100,,14,4.4,,11,14.00,4.4
Gary Clark,PF/C,HOU,@ SAC,19,120.00,3200,0,14.9,9.2,0.4,0.63,22.68,14.16,7.44,0,9.2,3.0,14.5,0.00,0.00,0.00,100,,19,0,,,,
Isaiah Hartenstein,PF/C,HOU,@ SAC,20,120.00,3200,0,9,6.0,0.5,0.74,26.73,15.44,4.48,0,11.0,1.6,8.1,0.00,0.00,0.00,100,,25,0,,7,2.50,0.8
Ryan Anderson,PF/C,PHX,@ UTA,26,100.75,3100,0,13.2,9.6,1.1,0.52,18.62,8.55,6.58,0,10.2,4.0,18.5,0.00,0.00,0.00,100,,31,0,,,,
Troy Daniels,SG,PHX,@ UTA,3,100.75,3100,0,21,9.3,0.3,0.70,25.24,12.79,7.02,4.18,18.1,4.7,13.2,11.76,6.93,6.93,100,,25,2.2,,14,4.25,1.4
Georges Niang,SF/PF,UTA,vs PHX,27,115.75,3100,0.6,18.4,6.2,0.5,0.82,29.46,25.40,5.08,7.87,16.7,2.6,7.6,11.15,8.23,8.23,100,,18,2.7,,6,4.25,1.4
Thon Maker,PF/C,MIL,vs WAS,13,120.75,3100,0,14.2,10.7,0.5,0.91,32.96,14.72,7.08,0,14.7,3.8,11.7,0.00,0.00,0.00,100,,34,0,,,,
Alan Williams,C,BKN,vs DEN,6,111.50,3100,0,16.8,10.0,0.7,1.75,63.53,34.32,8.38,0,23.4,2.7,5.7,0.00,0.00,0.00,100,,16,0,,,,
Marquese Chriss,PF/C,HOU,@ SAC,20,120.00,3100,0,9.2,5.0,0.4,0.78,27.79,16.83,4.59,0,20.1,2.1,6.4,0.00,0.00,0.00,100,,8,0,,,,
Dwayne Bacon,SG/SF,CHA,@ DAL,23,105.25,3100,0,15.1,8.4,0.7,0.75,27.14,16.17,7.57,0,13.5,3.6,11.2,0.00,0.00,0.00,100,,10,0,,,,
Antonio Blakeney,PG/SG,CHI,vs NOP,15,113.75,3100,0,15.2,11.6,0.6,0.80,28.83,12.02,7.58,0,25.8,7.1,14.5,0.00,0.00,0.00,100,,35,0,,,,
Grayson Allen,PG/SG,UTA,vs PHX,28,115.75,3100,0,9.9,6.5,0.7,0.61,21.66,13.83,4.97,0,23.4,4.2,10.7,0.00,0.00,0.00,100,,24,0,,3,1.25,0.4
Mitch Creek,SG/SF,BKN,vs DEN,1,111.50,3100,0,17.4,12.0,1.7,1.00,36.00,20.01,8.68,0,9.2,3.3,12.0,0.00,0.00,0.00,100,,28,0,,,,
Ryan Broekhoff,SG/SF,DAL,vs CHA,18,110.25,3100,0,13.1,5.6,0.5,0.65,23.28,15.69,6.53,0,12.5,2.6,8.6,0.00,0.00,0.00,100,,0,0,,,,
Dirk Nowitzki,PF/C,DAL,vs CHA,23,110.25,3000,2,16.9,7.8,0.3,0.77,27.98,14.62,4.26,4.43,19.6,4.3,10.1,10.90,8.35,8.35,100,,45,2.8,,15,11.00,3.7
Wesley Johnson,SG/SF,NOP,@ CHI,7,112.75,3000,0,12.8,8.8,0.6,0.60,21.70,13.48,6.39,0,13.5,3.4,14.6,0.00,0.00,0.00,100,,27,0,,,,
John Wall,PG,WAS,@ MIL,1,109.75,3000,0,26.9,42.6,8.7,1.23,44.45,9.86,13.45,0,28.7,17.2,34.5,0.00,0.00,0.00,100,,68,0,,,,
Zach Randolph,PF/C,SAC,vs HOU,8,116.00,3000,0,0,,,,,,,0,,,,0.00,0.00,0.00,100,,0,0,,,,
Jason Smith,PF/C,MIL,vs WAS,13,120.75,3000,0,11.7,8.6,0.7,0.91,32.80,10.71,5.86,0,18.8,2.8,9.4,0.00,0.00,0.00,100,,32,0,,,,
Ben McLemore,SG/SF,SAC,vs HOU,12,116.00,3000,0,13.8,6.6,0.2,0.80,28.95,17.82,6.91,0,20.1,3.4,8.3,0.00,0.00,0.00,100,,0,0,,,,
Courtney Lee,SG/SF,DAL,vs CHA,18,110.25,3000,0.5,28.5,11.1,1.3,0.83,30.09,11.55,7.99,4.88,14.6,3.9,13.3,15.20,12.48,12.48,100,,28,4.2,,,,
Jared Dudley,SF/PF,BKN,vs DEN,14,111.50,3000,0,14.3,12.7,1.5,0.58,20.80,10.32,7.16,0,10.9,4.4,22.0,0.00,0.00,0.00,100,,44,0,,,,
Kosta Koufos,C,SAC,vs HOU,14,116.00,3000,0,10.8,12.4,0.9,0.98,35.26,14.74,5.41,0,16.4,3.7,12.6,0.00,0.00,0.00,100,,56,0,,7,2.50,0.8
Juan Jose Barea,PG/SG,DAL,vs CHA,17,110.25,3000,0,16.8,23.3,5.6,1.18,42.31,10.87,8.40,0,27.7,10.1,19.8,0.00,0.00,0.00,100,,64,0,,,,
Ekpe Udoh,C,UTA,vs PHX,27,115.75,3000,0,10.8,5.2,0.4,0.90,32.25,35.19,5.38,0,12.6,1.2,5.8,0.00,0.00,0.00,100,,0,0,,3,6.00,2
Quincy Pondexter,SF,SAS,@ GSW,8,109.00,3000,0,13.3,4.8,0.5,0.77,28.00,22.20,5.10,2.31,12.6,1.2,6.2,3.74,3.09,3.09,100,,0,1,,20,11.75,3.9
Shaun Livingston,PG,GSW,vs SAS,26,123.00,3000,2.1,24,11.6,2.0,0.76,27.33,13.08,6.24,5.38,13.2,3.8,15.3,14.80,11.48,11.48,100,,46,3.8,,13,10.50,3.5
John Jenkins,PG/SG,WAS,@ MIL,29,109.75,3000,0,0,6.3,1.0,1.58,56.25,0.00,0.00,0,10.3,1.0,4.0,0.00,0.00,0.00,100,,0,0,,7,3.50,1.2
Dante Cunningham,SF/PF,SAS,@ GSW,30,109.00,3000,0,20.9,10.7,1.0,0.66,23.81,16.14,8.15,3.14,10.8,2.8,16.2,7.00,4.61,4.61,100,,24,1.5,,31,18.75,6.3
Frank Kaminsky,PF/C,CHA,@ DAL,5,105.25,3000,0,17,11.5,1.1,0.97,34.91,19.07,8.52,0,20.7,4.3,11.9,0.00,0.00,0.00,100,,26,0,,,,
Cristiano Da Silva Felicio,C,CHI,vs NOP,25,113.75,3000,6.9,28.9,7.1,0.5,0.75,26.88,22.75,6.28,13.01,13.9,2.0,9.5,20.58,16.32,16.32,100,,12,5.4,,19,12.00,4
Kristaps Porzingis,PF/C,DAL,vs CHA,23,110.25,3000,0,0,,,,,,,0,,,,0.00,0.00,0.00,100,,0,0,,,,
Christian Wood,PF/C,MIL,vs WAS,13,120.75,3000,0,12.3,6.8,0.3,1.26,45.42,27.88,6.14,0,29.2,2.5,5.4,0.00,0.00,0.00,100,,10,0,,3,0.00,
Damion Lee,SG/SF,GSW,vs SAS,21,123.00,3000,0,13.1,8.7,0.2,0.74,26.60,16.28,6.55,0,18.2,3.7,11.8,0.00,0.00,0.00,100,,25,0,,,,
Denzel Valentine,PG/SF,CHI,vs NOP,15,113.75,3000,0,0,,,,,,,0,,,,0.00,0.00,0.00,100,,0,0,,,,
Damian Jones,C,GSW,vs SAS,15,123.00,3000,0,11.4,13.8,1.2,0.81,29.13,7.92,5.71,0,10.7,3.1,17.1,0.00,0.00,0.00,100,,59,0,,,,
Troy Williams,SF/PF,SAC,vs HOU,22,116.00,3000,0,14.2,12.5,0.6,0.78,28.12,18.66,7.10,0,15.2,4.8,16.1,0.00,0.00,0.00,100,,43,0,,,,
Timothe Luwawu-Cabarrot,SG/SF,CHI,vs NOP,15,113.75,3000,1.2,24.9,3.5,0.2,0.59,21.34,12.17,6.77,6.23,15.4,2.0,5.9,18.43,11.39,11.39,100,,0,3.8,,19,13.75,4.6
Skal Labissiere,PF/C,SAC,vs HOU,8,116.00,3000,0,9.4,6.0,0.4,0.71,25.66,16.75,4.72,0,14.6,2.3,8.4,0.00,0.00,0.00,100,,21,0,,12,11.50,3.8
Dejounte Murray,PG,SAS,@ GSW,14,109.00,3000,0,0,,,,,,,0,,,,0.00,0.00,0.00,100,,0,0,,,,
Danuel House,SF/PF,HOU,@ SAC,19,120.00,3000,0,15,17.3,1.0,0.70,25.18,8.65,7.50,0,14.2,6.2,24.7,0.00,0.00,0.00,100,,57,0,,,,
Tyler Cavanaugh,PF,UTA,vs PHX,27,115.75,3000,0,1.6,1.5,0.0,0.63,22.24,12.41,0.80,0,19.3,0.9,2.4,0.00,0.00,0.00,100,,47,0,,2,0.00,
Tyler Lydon,PF,DEN,@ BKN,6,114.50,3000,0,5,2.5,0.2,0.60,21.24,21.36,2.52,0,9.0,0.8,4.2,0.00,0.00,0.00,100,,0,0,,,,
Ben Moore,PF,SAS,@ GSW,30,109.00,3000,0,0,,,,,,,0,,,,0.00,0.00,0.00,100,,0,0,,,,
Jawun Evans,PG,PHX,@ UTA,4,100.75,3000,0,15.3,6.8,1.8,0.68,24.48,7.41,5.86,1.24,8.2,2.0,10.0,6.00,3.59,3.59,100,,14,1.2,,11,5.50,1.8
Frank Mason III,PG/SG,SAC,vs HOU,29,116.00,3000,0,17.1,10.6,2.5,0.92,32.93,16.07,8.55,0,19.7,4.1,11.5,0.00,0.00,0.00,100,,19,0,,12,17.50,5.8
Tony Bradley,C,UTA,vs PHX,27,115.75,3000,0,0,3.3,0.0,0.37,13.00,0.00,0.00,0,18.4,3.0,9.0,0.00,0.00,0.00,100,,0,0,,,,
Naz Long,PG/SG,UTA,vs PHX,9,115.75,3000,0,2.6,1.3,0.4,0.33,11.25,8.61,1.30,0,11.5,0.8,4.0,0.00,0.00,0.00,100,,0,0,,,,
Devin Robinson,SG,WAS,@ MIL,28,109.75,3000,0,12.3,9.7,0.5,1.17,42.27,6.06,6.17,0,20.8,3.3,8.3,0.00,0.00,0.00,100,,36,0,,,,
Joe Chealey,PG,CHA,@ DAL,22,105.25,3000,0,0,3.5,1.0,0.44,15.75,0.00,0.00,0,17.3,3.0,8.0,0.00,0.00,0.00,100,,0,0,,,,
J.P. Macura,SG,CHA,@ DAL,22,105.25,3000,0,0,9.5,2.0,0.68,24.43,0.00,0.00,0,24.4,8.0,14.0,0.00,0.00,0.00,100,,0,0,,,,
Jacob Evans III,SG/SF,GSW,vs SAS,26,123.00,3000,0,4.5,2.3,0.7,0.48,16.97,24.48,2.25,0,15.2,1.2,4.8,0.00,0.00,0.00,100,,2,0,,,,
Marcus Derrickson,SF,GSW,vs SAS,18,123.00,3000,0,8.3,3.9,0.0,0.67,24.65,15.52,4.15,0,19.7,2.5,5.8,0.00,0.00,0.00,100,,0,0,,9,11.00,3.7
Lonnie Walker IV,PG/SG,SAS,@ GSW,14,109.00,3000,3.4,24.7,5.0,0.2,0.81,28.74,14.95,6.10,7.06,13.1,2.2,6.2,17.00,12.50,12.50,100,,0,4.2,,26,11.75,3.9
Drew Eubanks,PF/C,SAS,@ GSW,14,109.00,3000,0,8.5,4.1,0.2,1.00,36.00,16.82,4.26,0,15.9,1.3,4.1,0.00,0.00,0.00,100,,0,0,,21,13.25,4.4
Chimezie Metu,PF/C,SAS,@ GSW,14,109.00,3000,3.1,21.1,4.8,0.5,0.92,32.71,26.17,5.14,8.87,24.2,2.2,5.2,12.20,10.85,10.85,100,,0,3.6,,13,11.25,3.8
Trevon Bluiett,SG/SF,NOP,@ CHI,11,112.75,3000,0,0,,,,,,,0,,,,0.00,0.00,0.00,100,,0,0,,,,
Rawle Alkins,SG/SF,CHI,vs NOP,20,113.75,3000,0,0.2,6.1,1.0,2.44,88.20,16.50,0.12,0,44.3,2.0,2.5,0.00,0.00,0.00,100,,0,0,,,,
Jarred Vanderbilt,SF/PF,DEN,@ BKN,27,114.50,3000,0,0,7.8,1.0,1.95,69.75,0.00,0.00,0,19.0,0.0,4.0,0.00,0.00,0.00,100,,0,0,,8,12.75,4.3
Thomas Welsh,C,DEN,@ BKN,29,114.50,3000,0,7,3.7,0.6,0.79,28.36,17.18,3.51,0,10.6,1.4,4.7,0.00,0.00,0.00,100,,5,0,,,,
Michael Porter Jr.,SF/PF,DEN,@ BKN,27,114.50,3000,0,0,,,,,,,0,,,,0.00,0.00,0.00,100,,0,0,,,,
Troy Brown,SG/SF,WAS,@ MIL,1,109.75,3000,0,10,6.2,0.9,0.85,30.51,19.01,5.02,0,21.5,2.3,7.3,0.00,0.00,0.00,100,,19,0,,,,
George King,SG/SF,PHX,@ UTA,4,100.75,3000,0,0,1.3,0.0,0.22,7.50,0.00,0.00,0,0.0,0.0,6.0,0.00,0.00,0.00,100,,0,0,,,,
Wenyen Gabriel,SF/PF,SAC,vs HOU,29,116.00,3000,0,0,,,,,,,0,,,,0.00,0.00,0.00,100,,0,0,,,,
Vincent Edwards,PG/SF,HOU,@ SAC,30,120.00,3000,0,3.5,3.0,0.0,0.38,13.50,19.50,1.75,0,15.3,2.0,8.0,0.00,0.00,0.00,100,,0,0,,,,
Brandon Goodwin,PG/SG,DEN,@ BKN,27,114.50,3000,0,0,5.0,2.0,0.83,30.00,0.00,0.00,0,34.9,5.0,6.0,0.00,0.00,0.00,100,,0,0,,,,
Emanuel Terry,C,PHX,@ UTA,26,100.75,3000,0,0,8.8,0.0,0.80,28.64,0.00,0.00,0,16.4,2.0,11.0,0.00,0.00,0.00,100,,0,0,,,,
Bonzie Colson,PF/C,MIL,vs WAS,23,120.75,3000,0,0,,,,,,,0,,,,0.00,0.00,0.00,100,,0,0,,,,
Donte DiVincenzo,PG/SF,MIL,vs WAS,19,120.75,3000,0,14.2,11.1,1.2,0.71,25.60,11.88,7.11,0,14.4,4.7,15.7,0.00,0.00,0.00,100,,36,0,,,,
Trevon Duval,PG,MIL,vs WAS,23,120.75,3000,0,0,,,,,,,0,,,,0.00,0.00,0.00,100,,0,0,,,,
Dzanan Musa,SG/SF,BKN,vs DEN,14,111.50,3000,0,4.7,3.1,0.1,0.72,25.94,13.87,2.36,0,31.9,2.5,4.3,0.00,0.00,0.00,100,,24,0,,,,
Kostas Antetokounmpo,SF/PF,DAL,vs CHA,20,110.25,3000,0,0,,,,,,,0,,,,0.00,0.00,0.00,100,,0,0,,,,
Daryl Macon,PG/SG,DAL,vs CHA,17,110.25,3000,0,4,1.2,0.0,0.71,25.20,27.86,2.01,0,20.1,0.3,1.7,0.00,0.00,0.00,100,,0,0,,,,
Brandon Sampson,PG/SG,CHI,vs NOP,15,113.75,3000,2.9,2.9,2.8,1.0,0.22,7.62,0.00,0.00,0,7.2,2.0,13.0,14.02,2.90,2.90,100,,0,1,,,,
